{"cameraMode":{"drawMode":0,"name":"Shaded","section":"Shading Mode"},"sceneLighting":false,"audioPlay":false,"sceneViewState":{"m_AlwaysRefresh":false,"showFog":true,"showSkybox":false,"showFlares":true,"showImageEffects":true,"showParticleSystems":true,"showVisualEffectGraphs":true,"m_FxEnabled":true},"in2DMode":false,"pivot":{"x":-0.00861087441444397,"y":0.02384456992149353,"z":-0.019269168376922609},"rotation":{"x":-0.004497006069868803,"y":-0.03513338044285774,"z":0.00017711526015773416,"w":-0.9993866086006165},"size":0.8660253882408142,"orthographic":true}