{"cameraMode":{"drawMode":0,"name":"Shaded","section":"Shading Mode"},"sceneLighting":true,"audioPlay":false,"sceneViewState":{"m_AlwaysRefresh":false,"showFog":true,"showSkybox":true,"showFlares":true,"showImageEffects":true,"showParticleSystems":true,"showVisualEffectGraphs":true,"m_FxEnabled":true},"in2DMode":false,"pivot":{"x":-0.03255598992109299,"y":-0.12302440404891968,"z":0.6230499744415283},"rotation":{"x":0.11900553852319718,"y":0.5265353918075562,"z":-0.07475226372480393,"w":0.8384729027748108},"size":12.73637580871582,"orthographic":true}