{"cameraMode":{"drawMode":0,"name":"Shaded","section":"Shading Mode"},"sceneLighting":true,"audioPlay":false,"sceneViewState":{"m_AlwaysRefresh":false,"showFog":true,"showSkybox":true,"showFlares":true,"showImageEffects":true,"showParticleSystems":true,"showVisualEffectGraphs":true,"m_FxEnabled":true},"in2DMode":false,"pivot":{"x":17.002593994140626,"y":0.39002925157546999,"z":8.980427742004395},"rotation":{"x":-0.5294435620307922,"y":-0.017171408981084825,"z":0.010543407872319222,"w":-0.8482340574264526},"size":6.0455641746521,"orthographic":true}