{"cameraMode":{"drawMode":0,"name":"Shaded","section":"Shading Mode"},"sceneLighting":false,"audioPlay":false,"sceneViewState":{"m_AlwaysRefresh":false,"showFog":true,"showSkybox":false,"showFlares":true,"showImageEffects":true,"showParticleSystems":true,"showVisualEffectGraphs":true,"m_FxEnabled":true},"in2DMode":false,"pivot":{"x":-0.03255598992109299,"y":-0.12302440404891968,"z":0.6230499744415283},"rotation":{"x":-0.09343889355659485,"y":0.3246844410896301,"z":-0.032227110117673877,"w":-0.9406600594520569},"size":0.4863215684890747,"orthographic":true}